Designator,Val,Package,Mid X,Mid Y,Rotation,Layer
C0,100nF,C_0201_0603Metric,126.8,-100.2,90.0,bottom
C1,4.7uF,C_0402_1005Metric,125.8,-100.0,90.0,bottom
C10,100nF,C_0201_0603Metric,118.226794,-114.649226,150.0,bottom
C100,100nF,C_0201_0603Metric,43.154359,-83.253961,283.8978862,bottom
C101,4.7uF,C_0402_1005Metric,44.077046,-83.688299,283.8978862,bottom
C102,100nF,C_0201_0603Metric,33.199999,-99.799999,270.0,bottom
C103,4.7uF,C_0402_1005Metric,34.199999,-99.999999,270.0,bottom
C104,100nF,C_0201_0603Metric,43.058282,-116.357747,256.10211375,bottom
C105,4.7uF,C_0402_1005Metric,44.077046,-116.3117,256.10211375,bottom
C106,100nF,C_0201_0603Metric,52.671281,-132.867811,240.0,bottom
C107,4.7uF,C_0402_1005Metric,53.637306,-132.541016,240.0,bottom
C108,100nF,C_0201_0603Metric,62.074685,-149.517003,223.89788625,bottom
C109,4.7uF,C_0402_1005Metric,62.912176,-148.935102,223.89788625,bottom
C11,4.7uF,C_0402_1005Metric,117.899999,-113.683201,150.0,bottom
C110,100nF,C_0201_0603Metric,71.426794,-166.410751,210.0,bottom
C111,4.7uF,C_0402_1005Metric,72.1,-165.644725,210.0,bottom
C112,100nF,C_0201_0603Metric,90.695366,-166.152101,196.10211375,bottom
C113,4.7uF,C_0402_1005Metric,91.16487,-165.246802,196.10211375,bottom
C114,100nF,C_0201_0603Metric,109.799999,-166.082032,180.00000000000003,bottom
C115,4.7uF,C_0402_1005Metric,109.999999,-165.082032,180.00000000000003,bottom
C116,100nF,C_0201_0603Metric,128.920325,-166.263041,163.89788625,bottom
C117,4.7uF,C_0402_1005Metric,128.835129,-165.246802,163.89788625,bottom
C118,100nF,C_0201_0603Metric,148.226794,-166.610751,150.0,bottom
C119,4.7uF,C_0402_1005Metric,147.899999,-165.644725,150.0,bottom
C12,100nF,C_0201_0603Metric,137.128718,-115.893713,120.0,bottom
C120,22uF,C_0805_2012Metric,110.0,-125.0,180.0,bottom
C121,22uF,C_0805_2012Metric,146.75,-85.75,180.0,bottom
C122,22uF,C_0805_2012Metric,110.0,-155.0,90.0,bottom
C123,22uF,C_0805_2012Metric,110.0,-44.95,270.0,bottom
C124,22uF,C_0805_2012Metric,176.0,-100.0,0.0,bottom
C125,22uF,C_0805_2012Metric,44.0,-100.0,180.0,bottom
C126,22uF,C_0805_2012Metric,150.83,-85.75,0.0,bottom
C127,100nF,C_0201_0603Metric,150.92,-84.19,0.0,bottom
C13,4.7uF,C_0402_1005Metric,136.362693,-115.220508,120.0,bottom
C14,100nF,C_0201_0603Metric,146.8,-100.2,90.0,bottom
C15,4.7uF,C_0402_1005Metric,145.8,-100.0,90.0,bottom
C16,100nF,C_0201_0603Metric,137.328718,-84.452697,60.0,bottom
C17,4.7uF,C_0402_1005Metric,136.362693,-84.779491,60.0,bottom
C18,100nF,C_0201_0603Metric,128.573205,-68.230265,30.0,bottom
C19,4.7uF,C_0402_1005Metric,127.9,-68.99629,30.0,bottom
C2,100nF,C_0201_0603Metric,118.573205,-85.550773,30.0,bottom
C20,100nF,C_0201_0603Metric,110.2,-68.558983,0.0,bottom
C21,4.7uF,C_0402_1005Metric,110.0,-69.558983,0.0,bottom
C22,100nF,C_0201_0603Metric,91.773205,-68.030265,330.0,bottom
C23,4.7uF,C_0402_1005Metric,92.1,-68.99629,330.0,bottom
C24,100nF,C_0201_0603Metric,82.871281,-84.106286,300.0,bottom
C25,4.7uF,C_0402_1005Metric,83.637306,-84.779491,300.0,bottom
C26,100nF,C_0201_0603Metric,73.2,-99.799999,270.0,bottom
C27,4.7uF,C_0402_1005Metric,74.2,-99.999999,270.0,bottom
C28,100nF,C_0201_0603Metric,82.671281,-115.547302,240.0,bottom
C29,4.7uF,C_0402_1005Metric,83.637306,-115.220508,240.0,bottom
C3,4.7uF,C_0402_1005Metric,117.9,-86.316798,30.0,bottom
C30,100nF,C_0201_0603Metric,91.426794,-131.769734,210.0,bottom
C31,4.7uF,C_0402_1005Metric,92.1,-131.003709,210.0,bottom
C32,100nF,C_0201_0603Metric,109.799999,-131.441016,180.00000000000003,bottom
C33,4.7uF,C_0402_1005Metric,109.999999,-130.441016,180.00000000000003,bottom
C34,100nF,C_0201_0603Metric,128.226794,-131.969734,150.0,bottom
C35,4.7uF,C_0402_1005Metric,127.899999,-131.003709,150.0,bottom
C36,100nF,C_0201_0603Metric,147.450096,-132.69731,130.89339465,bottom
C37,4.7uF,C_0402_1005Metric,146.825098,-131.89147,130.894,bottom
C38,100nF,C_0201_0603Metric,156.910818,-116.462044,109.10660535,bottom
C39,4.7uF,C_0402_1005Metric,156.031373,-115.945735,109.10660535,bottom
C4,100nF,C_0201_0603Metric,101.773205,-85.350773,330.0,bottom
C40,100nF,C_0201_0603Metric,166.8,-100.2,90.0,bottom
C41,4.7uF,C_0402_1005Metric,165.8,-100.0,90.0,bottom
C42,100nF,C_0201_0603Metric,157.041749,-83.91592,70.8933946,bottom
C43,4.7uF,C_0402_1005Metric,156.031373,-84.054264,70.8933946,bottom
C44,100nF,C_0201_0603Metric,147.711958,-67.605061,49.10660540000001,bottom
C45,4.7uF,C_0402_1005Metric,146.825098,-68.108529,49.10660540000001,bottom
C46,100nF,C_0201_0603Metric,138.573205,-50.909757,30.0,bottom
C47,4.7uF,C_0402_1005Metric,137.9,-51.675782,30.0,bottom
C48,100nF,C_0201_0603Metric,119.591652,-51.218609,10.893394599999993,bottom
C49,4.7uF,C_0402_1005Metric,119.206274,-52.162793,10.893394599999993,bottom
C5,4.7uF,C_0402_1005Metric,102.1,-86.316798,330.0,bottom
C50,100nF,C_0201_0603Metric,100.801139,-51.143016,349.10660540000003,bottom
C51,4.7uF,C_0402_1005Metric,100.793725,-52.162793,349.10660540000003,bottom
C52,100nF,C_0201_0603Metric,81.773205,-50.709757,330.0,bottom
C53,4.7uF,C_0402_1005Metric,82.1,-51.675782,330.0,bottom
C54,100nF,C_0201_0603Metric,72.549903,-67.302689,310.89339459999997,bottom
C55,4.7uF,C_0402_1005Metric,73.174901,-68.108529,310.89339459999997,bottom
C56,100nF,C_0201_0603Metric,63.089181,-83.537955,289.10660540000003,bottom
C57,4.7uF,C_0402_1005Metric,63.968626,-84.054264,289.10660540000003,bottom
C58,100nF,C_0201_0603Metric,53.199999,-99.799999,270.0,bottom
C59,4.7uF,C_0402_1005Metric,54.199999,-99.999999,270.0,bottom
C6,100nF,C_0201_0603Metric,93.2,-99.8,270.0,bottom
C60,100nF,C_0201_0603Metric,62.95825,-116.084079,250.893,bottom
C61,4.7uF,C_0402_1005Metric,63.968626,-115.945735,250.89339465,bottom
C62,100nF,C_0201_0603Metric,72.288041,-132.394938,229.10660535,bottom
C63,4.7uF,C_0402_1005Metric,73.174901,-131.89147,229.10660535,bottom
C64,100nF,C_0201_0603Metric,81.426794,-149.090242,210.0,bottom
C65,4.7uF,C_0402_1005Metric,82.1,-148.324217,210.0,bottom
C66,100nF,C_0201_0603Metric,100.408347,-148.78139,190.89339465,bottom
C67,4.7uF,C_0402_1005Metric,100.793725,-147.837206,190.893,bottom
C68,100nF,C_0201_0603Metric,119.19886,-148.856983,169.10660535,bottom
C69,4.7uF,C_0402_1005Metric,119.206274,-147.837206,169.10660535,bottom
C7,4.7uF,C_0402_1005Metric,94.2,-100.0,270.0,bottom
C70,100nF,C_0201_0603Metric,138.226794,-149.290242,150.0,bottom
C71,4.7uF,C_0402_1005Metric,137.899999,-148.324217,150.0,bottom
C72,100nF,C_0201_0603Metric,157.637083,-149.794353,136.10211375,bottom
C73,4.7uF,C_0402_1005Metric,157.087823,-148.935102,136.10211375,bottom
C74,100nF,C_0201_0603Metric,167.128718,-133.214221,120.0,bottom
C75,4.7uF,C_0402_1005Metric,166.362693,-132.541016,120.0,bottom
C76,100nF,C_0201_0603Metric,176.84564,-116.746038,103.89788625,bottom
C77,4.7uF,C_0402_1005Metric,175.922953,-116.3117,103.89788625,bottom
C78,100nF,C_0201_0603Metric,186.8,-100.2,90.0,bottom
C79,4.7uF,C_0402_1005Metric,185.8,-100.0,90.0,bottom
C8,100nF,C_0201_0603Metric,101.426794,-114.449226,210.0,bottom
C80,100nF,C_0201_0603Metric,176.941717,-83.642252,76.1021138,bottom
C81,4.7uF,C_0402_1005Metric,175.922953,-83.688299,76.1021138,bottom
C82,100nF,C_0201_0603Metric,167.328718,-67.132188,60.0,bottom
C83,4.7uF,C_0402_1005Metric,166.362693,-67.458983,60.0,bottom
C84,100nF,C_0201_0603Metric,157.925314,-50.482996,43.89788619999999,bottom
C85,4.7uF,C_0402_1005Metric,157.087823,-51.064897,43.89788619999999,bottom
C86,100nF,C_0201_0603Metric,148.573205,-33.589248,30.0,bottom
C87,4.7uF,C_0402_1005Metric,147.9,-34.355274,30.0,bottom
C88,100nF,C_0201_0603Metric,129.304633,-33.847898,16.102113800000012,bottom
C89,4.7uF,C_0402_1005Metric,128.835129,-34.753197,16.102113800000012,bottom
C9,4.7uF,C_0402_1005Metric,102.1,-113.683201,210.0,bottom
C90,100nF,C_0201_0603Metric,110.2,-33.917967,0.0,bottom
C91,4.7uF,C_0402_1005Metric,110.0,-34.917967,0.0,bottom
C92,100nF,C_0201_0603Metric,91.079674,-33.736958,343.8978862,bottom
C93,4.7uF,C_0402_1005Metric,91.16487,-34.753197,343.8978862,bottom
C94,100nF,C_0201_0603Metric,71.773205,-33.389248,330.0,bottom
C95,4.7uF,C_0402_1005Metric,72.1,-34.355274,330.0,bottom
C96,100nF,C_0201_0603Metric,62.362916,-50.205646,316.1021138,bottom
C97,4.7uF,C_0402_1005Metric,62.912176,-51.064897,316.1021138,bottom
C98,100nF,C_0201_0603Metric,52.871281,-66.785778,300.0,bottom
C99,4.7uF,C_0402_1005Metric,53.637306,-67.458983,300.0,bottom
CAM0,RPICAM,RPI_CAMERA,103.75,-100.0,90.0,top
D0,WS2813C_2020,WS2813C_2020,127.0,-100.0,-90.0,top
D1,WS2813C_2020,WS2813C_2020,118.5,-85.277568,-30.0,top
D10,WS2813C_2020,WS2813C_2020,110.0,-68.358983,0.0,top
D11,WS2813C_2020,WS2813C_2020,91.5,-67.95706,30.0,top
D12,WS2813C_2020,WS2813C_2020,82.598076,-84.179491,60.0,top
D13,WS2813C_2020,WS2813C_2020,73.0,-99.999999,90.0,top
D14,WS2813C_2020,WS2813C_2020,82.598076,-115.820508,120.0,top
D15,WS2813C_2020,WS2813C_2020,91.5,-132.042939,150.0,top
D16,WS2813C_2020,WS2813C_2020,109.999999,-131.641016,180.0,top
D17,WS2813C_2020,WS2813C_2020,128.499999,-132.042939,-150.0,top
D18,WS2813C_2020,WS2813C_2020,147.732213,-132.677055,-130.893,top
D19,WS2813C_2020,WS2813C_2020,157.165266,-116.338527,-109.106,top
D2,WS2813C_2020,WS2813C_2020,101.5,-85.277568,30.0,top
D20,WS2813C_2020,WS2813C_2020,167.0,-100.0,-90.0,top
D21,WS2813C_2020,WS2813C_2020,157.165266,-83.661472,-70.89339465,top
D22,WS2813C_2020,WS2813C_2020,147.732213,-67.322944,-49.10660535,top
D23,WS2813C_2020,WS2813C_2020,138.5,-50.636551,-30.0,top
D24,WS2813C_2020,WS2813C_2020,119.433053,-50.984417,-10.89339465,top
D25,WS2813C_2020,WS2813C_2020,100.566946,-50.984417,10.89339465,top
D26,WS2813C_2020,WS2813C_2020,81.5,-50.636551,30.0,top
D27,WS2813C_2020,WS2813C_2020,72.267786,-67.322944,49.10660535,top
D28,WS2813C_2020,WS2813C_2020,62.834733,-83.661472,70.89339465,top
D29,WS2813C_2020,WS2813C_2020,52.999999,-99.999999,90.0,top
D3,WS2813C_2020,WS2813C_2020,93.0,-100.0,90.0,top
D30,WS2813C_2020,WS2813C_2020,62.834733,-116.338527,109.1066054,top
D31,WS2813C_2020,WS2813C_2020,72.267786,-132.677055,130.8933946,top
D32,WS2813C_2020,WS2813C_2020,81.5,-149.363448,150.0,top
D33,WS2813C_2020,WS2813C_2020,100.566946,-149.015582,169.1066054,top
D34,WS2813C_2020,WS2813C_2020,119.433053,-149.015582,-169.1066054,top
D35,WS2813C_2020,WS2813C_2020,138.499999,-149.363448,-150.0,top
D36,WS2813C_2020,WS2813C_2020,157.919874,-149.799794,-136.1021138,top
D37,WS2813C_2020,WS2813C_2020,167.401923,-133.141016,-120.0,top
D38,WS2813C_2020,WS2813C_2020,177.087823,-116.599931,-103.8978862,top
D39,WS2813C_2020,WS2813C_2020,187.0,-100.0,-90.0,top
D4,WS2813C_2020,WS2813C_2020,101.5,-114.722431,150.0,top
D40,WS2813C_2020,WS2813C_2020,177.087823,-83.400068,-76.102,top
D41,WS2813C_2020,WS2813C_2020,167.401923,-66.858983,-60.0,top
D42,WS2813C_2020,WS2813C_2020,157.919874,-50.200205,-43.89788625,top
D43,WS2813C_2020,WS2813C_2020,148.5,-33.316043,-30.0,top
D44,WS2813C_2020,WS2813C_2020,129.167949,-33.600274,-16.10211375,top
D45,WS2813C_2020,WS2813C_2020,110.0,-33.717967,0.0,top
D46,WS2813C_2020,WS2813C_2020,90.83205,-33.600274,16.10211375,top
D47,WS2813C_2020,WS2813C_2020,71.5,-33.316043,30.0,top
D48,WS2813C_2020,WS2813C_2020,62.080125,-50.200205,43.89788625,top
D49,WS2813C_2020,WS2813C_2020,52.598076,-66.858983,60.0,top
D5,WS2813C_2020,WS2813C_2020,118.499999,-114.722431,-150.0,top
D50,WS2813C_2020,WS2813C_2020,42.912176,-83.400068,76.10211375,top
D51,WS2813C_2020,WS2813C_2020,32.999999,-99.999999,90.0,top
D52,WS2813C_2020,WS2813C_2020,42.912176,-116.599931,103.8978862,top
D53,WS2813C_2020,WS2813C_2020,52.598076,-133.141016,120.0,top
D54,WS2813C_2020,WS2813C_2020,62.080125,-149.799794,136.1021138,top
D55,WS2813C_2020,WS2813C_2020,71.5,-166.683956,150.0,top
D56,WS2813C_2020,WS2813C_2020,90.83205,-166.399725,163.897,top
D57,WS2813C_2020,WS2813C_2020,109.999999,-166.282032,180.0,top
D58,WS2813C_2020,WS2813C_2020,129.167949,-166.399725,-163.8978862,top
D59,WS2813C_2020,WS2813C_2020,148.499999,-166.683956,-150.0,top
D6,WS2813C_2020,WS2813C_2020,137.401923,-115.820508,-120.0,top
D7,WS2813C_2020,WS2813C_2020,147.0,-100.0,-90.0,top
D8,WS2813C_2020,WS2813C_2020,137.401923,-84.179491,-60.0,top
D9,WS2813C_2020,WS2813C_2020,128.5,-67.95706,-30.0,top
FB1,100Ω@100MHz,R_0603_1608Metric,145.66,-82.25,270.0,bottom
H1,MountingHole,WA-SMST,160.0,-69.0,0.0,bottom
H2,MountingHole,WA-SMST,160.0,-131.0,0.0,bottom
H3,MountingHole,WA-SMST,88.0,-75.0,0.0,bottom
H4,MountingHole,WA-SMST,88.0,-125.0,0.0,bottom
J1,M55-7002042R,M557002042R,140.0,-74.0,0.0,bottom
J2,M55-7002042R,M557002042R,140.0,-126.0,0.0,bottom
M0,SPH0641LU4H-1,MIC_SPH0641LU4H-1,129.244999,-100.0,270.0,bottom
M1,SPH0641LU4H-1,MIC_SPH0641LU4H-1,119.323464,-83.563746,210.0,bottom
M10,SPH0641LU4H-1,MIC_SPH0641LU4H-1,110.0,-66.113983,180.0,bottom
M11,SPH0641LU4H-1,MIC_SPH0641LU4H-1,90.676536,-66.243238,150.0,bottom
M12,SPH0641LU4H-1,MIC_SPH0641LU4H-1,80.884255,-83.356026,120.0,bottom
M13,SPH0641LU4H-1,MIC_SPH0641LU4H-1,70.755,-99.999999,90.0,bottom
M14,SPH0641LU4H-1,MIC_SPH0641LU4H-1,80.884255,-116.643972,60.0,bottom
M15,SPH0641LU4H-1,MIC_SPH0641LU4H-1,90.676535,-133.75676,30.0,bottom
M16,SPH0641LU4H-1,MIC_SPH0641LU4H-1,109.999999,-133.886015,0.0,bottom
M17,SPH0641LU4H-1,MIC_SPH0641LU4H-1,129.323463,-133.756761,330.0,bottom
M18,SPH0641LU4H-1,MIC_SPH0641LU4H-1,149.153234,-133.851724,310.89339459999997,bottom
M19,SPH0641LU4H-1,MIC_SPH0641LU4H-1,159.123577,-116.794565,289.10660540000003,bottom
M2,SPH0641LU4H-1,MIC_SPH0641LU4H-1,100.676536,-83.563746,150.0,bottom
M20,SPH0641LU4H-1,MIC_SPH0641LU4H-1,169.244999,-100.0,270.0,bottom
M21,SPH0641LU4H-1,MIC_SPH0641LU4H-1,159.123578,-83.205434,250.89339465,bottom
M22,SPH0641LU4H-1,MIC_SPH0641LU4H-1,149.153244,-66.148288,229.105,bottom
M23,SPH0641LU4H-1,MIC_SPH0641LU4H-1,139.323464,-48.92273,210.0,bottom
M24,SPH0641LU4H-1,MIC_SPH0641LU4H-1,119.685721,-48.879134,190.89339465,bottom
M25,SPH0641LU4H-1,MIC_SPH0641LU4H-1,100.314278,-48.879133,169.10660535,bottom
M26,SPH0641LU4H-1,MIC_SPH0641LU4H-1,80.676536,-48.92273,150.0,bottom
M27,SPH0641LU4H-1,MIC_SPH0641LU4H-1,70.846765,-66.148274,130.89339465,bottom
M28,SPH0641LU4H-1,MIC_SPH0641LU4H-1,60.876422,-83.205434,109.10660535,bottom
M29,SPH0641LU4H-1,MIC_SPH0641LU4H-1,50.754999,-99.999999,90.0,bottom
M3,SPH0641LU4H-1,MIC_SPH0641LU4H-1,90.755,-100.0,90.0,bottom
M30,SPH0641LU4H-1,MIC_SPH0641LU4H-1,60.876422,-116.794565,70.8933946,bottom
M31,SPH0641LU4H-1,MIC_SPH0641LU4H-1,70.846765,-133.851724,49.10660540000001,bottom
M32,SPH0641LU4H-1,MIC_SPH0641LU4H-1,80.676535,-151.077268,30.0,bottom
M33,SPH0641LU4H-1,MIC_SPH0641LU4H-1,100.314277,-151.120865,10.893394599999993,bottom
M34,SPH0641LU4H-1,MIC_SPH0641LU4H-1,119.68572,-151.120865,349.10660540000003,bottom
M35,SPH0641LU4H-1,MIC_SPH0641LU4H-1,139.323463,-151.077269,330.0,bottom
M36,SPH0641LU4H-1,MIC_SPH0641LU4H-1,159.186843,-151.132931,316.1021138,bottom
M37,SPH0641LU4H-1,MIC_SPH0641LU4H-1,169.115744,-133.96448,300.0,bottom
M38,SPH0641LU4H-1,MIC_SPH0641LU4H-1,179.143319,-116.921067,283.8978862,bottom
M39,SPH0641LU4H-1,MIC_SPH0641LU4H-1,189.244999,-100.0,270.0,bottom
M4,SPH0641LU4H-1,MIC_SPH0641LU4H-1,100.676535,-116.436252,30.0,bottom
M40,SPH0641LU4H-1,MIC_SPH0641LU4H-1,179.14332,-83.078931,256.10211375,bottom
M41,SPH0641LU4H-1,MIC_SPH0641LU4H-1,169.115745,-66.035519,240.0,bottom
M42,SPH0641LU4H-1,MIC_SPH0641LU4H-1,159.186844,-48.867068,223.89788625,bottom
M43,SPH0641LU4H-1,MIC_SPH0641LU4H-1,149.323464,-31.602222,210.0,bottom
M44,SPH0641LU4H-1,MIC_SPH0641LU4H-1,129.538766,-31.584253,196.10211375,bottom
M45,SPH0641LU4H-1,MIC_SPH0641LU4H-1,110.0,-31.472967,180.0,bottom
M46,SPH0641LU4H-1,MIC_SPH0641LU4H-1,90.461234,-31.584252,163.89788625,bottom
M47,SPH0641LU4H-1,MIC_SPH0641LU4H-1,70.676536,-31.602222,150.0,bottom
M48,SPH0641LU4H-1,MIC_SPH0641LU4H-1,60.813156,-48.867068,136.10211375,bottom
M49,SPH0641LU4H-1,MIC_SPH0641LU4H-1,50.884255,-66.035518,120.0,bottom
M5,SPH0641LU4H-1,MIC_SPH0641LU4H-1,119.323463,-116.436253,330.0,bottom
M50,SPH0641LU4H-1,MIC_SPH0641LU4H-1,40.856679,-83.078931,103.89788625,bottom
M51,SPH0641LU4H-1,MIC_SPH0641LU4H-1,30.754999,-99.999999,90.0,bottom
M52,SPH0641LU4H-1,MIC_SPH0641LU4H-1,40.85668,-116.921067,76.1021138,bottom
M53,SPH0641LU4H-1,MIC_SPH0641LU4H-1,50.884255,-133.96448,60.0,bottom
M54,SPH0641LU4H-1,MIC_SPH0641LU4H-1,60.813156,-151.132931,43.89788619999999,bottom
M55,SPH0641LU4H-1,MIC_SPH0641LU4H-1,70.676535,-168.397776,30.0,bottom
M56,SPH0641LU4H-1,MIC_SPH0641LU4H-1,90.461233,-168.415746,16.102113800000012,bottom
M57,SPH0641LU4H-1,MIC_SPH0641LU4H-1,109.999999,-168.527031,0.0,bottom
M58,SPH0641LU4H-1,MIC_SPH0641LU4H-1,129.538765,-168.415746,343.8978862,bottom
M59,SPH0641LU4H-1,MIC_SPH0641LU4H-1,149.323463,-168.397777,330.0,bottom
M6,SPH0641LU4H-1,MIC_SPH0641LU4H-1,139.115744,-116.643972,300.0,bottom
M7,SPH0641LU4H-1,MIC_SPH0641LU4H-1,149.244999,-100.0,270.0,bottom
M8,SPH0641LU4H-1,MIC_SPH0641LU4H-1,139.115745,-83.356027,240.0,bottom
M9,SPH0641LU4H-1,MIC_SPH0641LU4H-1,129.323464,-66.243238,210.0,bottom
TP65,TestPoint,TestPoint_Pad_D1.5mm,152.0,-90.0,180.0,bottom
